<?xml version="1.0" encoding="UTF-8"?>
<project-private xmlns="http://www.netbeans.org/ns/project-private/1">
    <editor-bookmarks xmlns="http://www.netbeans.org/ns/editor-bookmarks/2" lastBookmarkId="0"/>
    <open-files xmlns="http://www.netbeans.org/ns/projectui-open-files/2">
        <group>
            <file>file:/D:/Quang/NetBeansIDE/ProductManager/src/Manager/ProManager.java</file>
            <file>file:/D:/Quang/NetBeansIDE/ProductManager/src/DTO/Category.java</file>
            <file>file:/D:/Quang/NetBeansIDE/ProductManager/src/Utils/PValid.java</file>
            <file>file:/D:/Quang/NetBeansIDE/ProductManager/src/DAO/CategoryList.java</file>
            <file>file:/D:/Quang/NetBeansIDE/ProductManager/src/Utils/FileManage.java</file>
            <file>file:/D:/Quang/NetBeansIDE/ProductManager/src/Manager/ProMenu.java</file>
            <file>file:/D:/Quang/NetBeansIDE/ProductManager/src/DTO/Product.java</file>
        </group>
    </open-files>
</project-private>
